date,quarter,department,day,team,targeted_productivity,smv,wip,over_time,incentive,idle_time,idle_men,no_of_style_change,no_of_workers,actual_productivity
1/1/2015,Quarter1,sweing,Thursday,8,0.8,26.16,1108.0,7080,98,0.0,0,0,59.0,0.940725424
1/1/2015,Quarter1,finishing ,Thursday,1,0.75,3.94,,960,0,0.0,0,0,8.0,0.8865
1/1/2015,Quarter1,sweing,Thursday,11,0.8,11.41,968.0,3660,50,0.0,0,0,30.5,0.8005704920000001
1/1/2015,Quarter1,sweing,Thursday,6,0.8,25.9,1170.0,1920,50,0.0,0,0,56.0,0.8003819440000001
1/1/2015,Quarter1,sweing,Thursday,7,0.8,25.9,984.0,6720,38,0.0,0,0,56.0,0.800125
1/1/2015,Quarter1,finishing ,Thursday,2,0.75,3.94,,960,0,0.0,0,0,8.0,0.755166667
1/1/2015,Quarter1,sweing,Thursday,10,0.75,19.31,578.0,6480,45,0.0,0,0,54.0,0.712205247
1/1/2015,Quarter1,finishing ,Thursday,8,0.75,2.9,,960,0,0.0,0,0,8.0,0.676666667
1/1/2015,Quarter1,finishing ,Thursday,4,0.75,3.94,,2160,0,0.0,0,0,18.0,0.593055556
1/1/2015,Quarter1,finishing ,Thursday,7,0.8,2.9,,960,0,0.0,0,0,8.0,0.5407291670000001
1/3/2015,Quarter1,finishing ,Saturday,4,0.8,4.15,,6600,0,0.0,0,0,20.0,0.9880246909999999
1/3/2015,Quarter1,finishing ,Saturday,11,0.75,2.9,,5640,0,0.0,0,0,17.0,0.987880435
1/3/2015,Quarter1,sweing,Saturday,1,0.8,28.08,772.0,6300,50,0.0,0,0,56.5,0.800725314
1/3/2015,Quarter1,sweing,Saturday,3,0.8,28.08,913.0,6540,50,0.0,0,0,54.5,0.8003229359999999
1/3/2015,Quarter1,sweing,Saturday,11,0.8,11.61,1005.0,7080,50,0.0,0,0,29.5,0.8002372879999999
1/3/2015,Quarter1,finishing ,Saturday,2,0.8,4.15,,960,0,0.0,0,0,8.0,0.782447917
1/3/2015,Quarter1,sweing,Saturday,2,0.75,19.87,944.0,6600,45,0.0,0,0,55.0,0.75024303
1/3/2015,Quarter1,sweing,Saturday,4,0.7,23.69,544.0,13800,0,0.0,0,0,60.0,0.700134038
1/3/2015,Quarter1,finishing ,Saturday,8,0.8,2.9,,960,0,0.0,0,0,8.0,0.6283333329999999
1/3/2015,Quarter1,finishing ,Saturday,7,0.8,3.94,,960,0,0.0,0,0,8.0,0.6253125
1/4/2015,Quarter1,finishing ,Sunday,3,0.75,4.15,,1560,0,0.0,0,0,8.0,0.9913888890000001
1/4/2015,Quarter1,finishing ,Sunday,1,0.8,3.94,,960,0,0.0,0,0,8.0,0.915229167
1/4/2015,Quarter1,sweing,Sunday,6,0.8,11.61,539.0,6975,50,0.0,0,0,31.0,0.879714482
1/4/2015,Quarter1,finishing ,Sunday,4,0.8,3.94,,6600,0,0.0,0,0,20.0,0.8616790120000001
1/4/2015,Quarter1,sweing,Sunday,2,0.8,28.08,782.0,6660,50,0.0,0,0,55.5,0.8002378379999999
1/4/2015,Quarter1,finishing ,Sunday,2,0.8,3.94,,960,0,0.0,0,0,8.0,0.7921041670000001
1/4/2015,Quarter1,finishing ,Sunday,10,0.7,3.94,,4320,0,0.0,0,0,18.0,0.759228395
1/4/2015,Quarter1,sweing,Sunday,11,0.75,19.31,513.0,6480,45,0.0,0,0,54.0,0.7503484570000001
1/4/2015,Quarter1,sweing,Sunday,3,0.75,19.87,734.0,6600,45,0.0,0,0,55.0,0.75024303
1/4/2015,Quarter1,finishing ,Sunday,8,0.8,2.9,,960,0,0.0,0,0,8.0,0.682708333
1/4/2015,Quarter1,finishing ,Sunday,11,0.75,4.15,,960,0,0.0,0,0,8.0,0.34583333299999997
1/5/2015,Quarter1,finishing ,Monday,1,0.8,3.94,,1920,0,0.0,0,0,8.0,0.961059028
1/5/2015,Quarter1,finishing ,Monday,11,0.8,3.94,,2400,0,0.0,0,0,10.0,0.9395138890000001
1/5/2015,Quarter1,finishing ,Monday,3,0.75,4.15,,1920,0,0.0,0,0,8.0,0.875390625
1/5/2015,Quarter1,finishing ,Monday,9,0.8,2.9,,1920,0,0.0,0,0,8.0,0.8208333329999999
1/5/2015,Quarter1,sweing,Monday,11,0.8,19.31,678.0,4800,50,0.0,0,0,55.0,0.800250962
1/5/2015,Quarter1,sweing,Monday,6,0.8,11.61,712.0,7200,50,0.0,0,0,32.0,0.8002460109999999
1/5/2015,Quarter1,sweing,Monday,12,0.8,11.61,1037.0,7200,50,0.0,0,0,32.0,0.8002460109999999
1/5/2015,Quarter1,finishing ,Monday,5,0.6,2.9,,960,0,0.0,0,0,8.0,0.759270833
1/5/2015,Quarter1,sweing,Monday,3,0.75,19.87,944.0,6600,45,0.0,0,0,55.0,0.75024303
1/6/2015,Quarter1,finishing ,Tuesday,1,0.8,3.94,,1440,0,0.0,0,0,8.0,0.936496212
1/6/2015,Quarter1,finishing ,Tuesday,3,0.75,4.15,,1800,0,0.0,0,0,10.0,0.899166667
1/6/2015,Quarter1,finishing ,Tuesday,11,0.8,4.15,,2700,0,0.0,0,0,15.0,0.888686869
1/6/2015,Quarter1,sweing,Tuesday,9,0.8,26.16,1305.0,10620,75,0.0,0,0,59.0,0.850502311
1/6/2015,Quarter1,finishing ,Tuesday,10,0.75,3.94,,1440,0,0.0,0,0,8.0,0.8096401520000001
1/6/2015,Quarter1,finishing ,Tuesday,2,0.8,3.94,,1440,0,0.0,0,0,8.0,0.805909091
1/6/2015,Quarter1,sweing,Tuesday,3,0.8,19.87,963.0,9900,50,0.0,0,0,55.0,0.8002738290000001
1/6/2015,Quarter1,sweing,Tuesday,12,0.8,11.61,1101.0,5310,50,0.0,0,0,31.5,0.8001409690000001
1/6/2015,Quarter1,sweing,Tuesday,11,0.75,19.31,590.0,9900,45,0.0,0,0,55.0,0.7500578509999999
1/6/2015,Quarter1,sweing,Tuesday,5,0.65,21.98,808.0,10440,35,0.0,0,0,58.0,0.649983281
1/6/2015,Quarter1,finishing ,Tuesday,7,0.8,2.9,,1440,0,0.0,0,0,8.0,0.61625
1/7/2015,Quarter1,finishing ,Wednesday,1,0.8,3.94,,1440,0,0.0,0,0,8.0,0.951420455
1/7/2015,Quarter1,finishing ,Wednesday,9,0.8,3.94,,1440,0,0.0,0,0,8.0,0.880530303
1/7/2015,Quarter1,finishing ,Wednesday,3,0.75,4.15,,2700,0,0.0,0,0,15.0,0.83
1/7/2015,Quarter1,sweing,Wednesday,2,0.8,28.08,776.0,10350,63,0.0,0,0,57.5,0.800594466
1/7/2015,Quarter1,sweing,Wednesday,4,0.8,28.08,990.0,10350,50,0.0,0,0,57.5,0.800594466
1/7/2015,Quarter1,sweing,Wednesday,6,0.8,11.41,986.0,5490,50,0.0,0,0,30.5,0.8003437659999999
1/7/2015,Quarter1,sweing,Wednesday,12,0.8,11.61,1120.0,5670,50,0.0,0,0,31.5,0.8002467529999999
1/7/2015,Quarter1,sweing,Wednesday,7,0.8,25.9,1066.0,10170,50,0.0,0,0,56.5,0.800128721
1/7/2015,Quarter1,sweing,Wednesday,10,0.75,28.08,1144.0,10530,69,0.0,0,0,58.5,0.8
1/7/2015,Quarter1,finishing ,Wednesday,8,0.8,2.9,,1440,0,0.0,0,0,8.0,0.681060606
1/7/2015,Quarter1,finishing ,Wednesday,6,0.8,2.9,,1800,0,0.0,0,0,10.0,0.666515152
1/7/2015,Quarter1,sweing,Wednesday,11,0.8,31.83,568.0,9900,40,0.0,0,0,55.0,0.412119835
1/8/2015,Quarter2,finishing ,Thursday,1,0.8,3.94,,1440,0,0.0,0,0,8.0,0.9476893940000001
1/8/2015,Quarter2,finishing ,Thursday,9,0.8,3.94,,1440,0,0.0,0,0,8.0,0.891723485
1/8/2015,Quarter2,sweing,Thursday,1,0.8,26.16,1189.0,10620,75,0.0,0,0,59.0,0.850502311
1/8/2015,Quarter2,sweing,Thursday,7,0.8,25.9,1050.0,10170,60,0.0,0,0,56.5,0.850136766
1/8/2015,Quarter2,sweing,Thursday,3,0.8,19.87,857.0,9900,50,0.0,0,0,55.0,0.8002738290000001
1/8/2015,Quarter2,sweing,Thursday,12,0.8,11.61,548.0,15120,63,0.0,0,0,31.5,0.800107143
1/8/2015,Quarter2,sweing,Thursday,6,0.8,11.41,411.0,14640,50,0.0,0,0,30.5,0.800024932
1/8/2015,Quarter2,sweing,Thursday,10,0.75,28.08,1066.0,10530,69,0.0,0,0,58.5,0.8
1/8/2015,Quarter2,finishing ,Thursday,10,0.75,3.94,,1440,0,0.0,0,0,8.0,0.779791667
1/8/2015,Quarter2,finishing ,Thursday,8,0.8,2.9,,1440,0,0.0,0,0,8.0,0.735984848
1/8/2015,Quarter2,finishing ,Thursday,7,0.8,2.9,,1440,0,0.0,0,0,8.0,0.681060606
1/10/2015,Quarter2,finishing ,Saturday,1,0.8,3.94,,2160,0,0.0,0,0,8.0,0.985
1/10/2015,Quarter2,finishing ,Saturday,9,0.8,3.94,,1440,0,0.0,0,0,8.0,0.8581439390000001
1/10/2015,Quarter2,sweing,Saturday,9,0.8,26.16,1122.0,10620,75,0.0,0,0,59.0,0.8511741140000001
1/10/2015,Quarter2,sweing,Saturday,7,0.8,25.9,970.0,10170,60,0.0,0,0,56.5,0.850136766
1/10/2015,Quarter2,sweing,Saturday,8,0.8,25.9,1158.0,10170,60,0.0,0,0,56.5,0.850136766
1/10/2015,Quarter2,finishing ,Saturday,10,0.8,3.94,,1440,0,0.0,0,0,8.0,0.846950758
1/10/2015,Quarter2,finishing ,Saturday,11,0.8,4.15,,1440,0,0.0,0,0,8.0,0.8174242420000001
1/10/2015,Quarter2,sweing,Saturday,4,0.8,28.08,660.0,10440,63,0.0,0,0,58.0,0.8010282129999999
1/10/2015,Quarter2,sweing,Saturday,12,0.8,11.61,893.0,4710,50,0.0,0,0,31.5,0.800346445
1/10/2015,Quarter2,sweing,Saturday,1,0.8,26.16,1335.0,10620,63,0.0,0,0,59.0,0.8001171029999999
1/10/2015,Quarter2,sweing,Saturday,10,0.8,28.08,1082.0,10530,63,0.0,0,0,58.5,0.8
1/10/2015,Quarter2,sweing,Saturday,3,0.75,19.87,1075.0,7080,45,0.0,0,0,56.0,0.7500983509999999
1/10/2015,Quarter2,finishing ,Saturday,8,0.8,2.9,,1440,0,0.0,0,0,8.0,0.628882576
1/11/2015,Quarter2,finishing ,Sunday,3,0.75,4.15,,1440,0,0.0,0,0,8.0,0.93532197
1/11/2015,Quarter2,finishing ,Sunday,4,0.8,3.94,,3600,0,0.0,0,0,20.0,0.9256439390000001
1/11/2015,Quarter2,finishing ,Sunday,1,0.8,3.94,,1440,0,0.0,0,0,8.0,0.873068182
1/11/2015,Quarter2,finishing ,Sunday,9,0.8,3.94,,1440,0,0.0,0,0,8.0,0.8581439390000001
1/11/2015,Quarter2,sweing,Sunday,1,0.8,26.16,1383.0,10620,75,0.0,0,0,59.0,0.850502311
1/11/2015,Quarter2,sweing,Sunday,7,0.8,25.9,1012.0,10170,45,0.0,0,0,56.5,0.850136766
1/11/2015,Quarter2,finishing ,Sunday,2,0.8,3.94,,1440,0,0.0,0,0,8.0,0.8208333329999999
1/11/2015,Quarter2,sweing,Sunday,12,0.8,11.61,896.0,5670,50,0.0,0,0,31.5,0.8002467529999999
1/11/2015,Quarter2,sweing,Sunday,10,0.8,28.08,762.0,10530,38,0.0,0,0,58.5,0.8
1/11/2015,Quarter2,sweing,Sunday,3,0.8,19.87,1043.0,6420,0,0.0,0,0,55.0,0.690182815
1/11/2015,Quarter2,sweing,Sunday,11,0.6,12.52,831.0,9540,30,0.0,0,0,53.0,0.6002298460000001
1/11/2015,Quarter2,finishing ,Sunday,6,0.8,2.9,,1440,0,0.0,0,0,8.0,0.597348485
1/11/2015,Quarter2,sweing,Sunday,4,0.8,50.48,562.0,10440,0,0.0,0,0,58.0,0.473134796
1/11/2015,Quarter2,sweing,Sunday,5,0.6,20.79,1208.0,7980,0,0.0,0,0,57.0,0.452979626
1/12/2015,Quarter2,finishing ,Monday,1,0.8,3.94,,1440,0,0.0,0,0,8.0,0.955151515
1/12/2015,Quarter2,finishing ,Monday,4,0.35,4.3,,3240,0,0.0,0,0,18.0,0.942213805
1/12/2015,Quarter2,finishing ,Monday,3,0.8,4.15,,1800,0,0.0,0,0,10.0,0.905454545
1/12/2015,Quarter2,finishing ,Monday,9,0.8,3.94,,1440,0,0.0,0,0,8.0,0.8581439390000001
1/12/2015,Quarter2,sweing,Monday,1,0.8,26.16,1099.0,8220,75,0.0,0,0,59.0,0.850522167
1/12/2015,Quarter2,sweing,Monday,9,0.8,26.16,1093.0,10620,75,0.0,0,0,59.0,0.850502311
1/12/2015,Quarter2,sweing,Monday,8,0.8,25.9,1233.0,10170,60,0.0,0,0,56.5,0.850136766
1/12/2015,Quarter2,finishing ,Monday,6,0.8,2.9,,1440,0,0.0,0,0,8.0,0.8174242420000001
1/12/2015,Quarter2,finishing ,Monday,8,0.8,2.9,,1440,0,0.0,0,0,8.0,0.725
1/12/2015,Quarter2,sweing,Monday,10,0.8,50.48,381.0,6930,45,0.0,0,0,58.5,0.688557555
1/12/2015,Quarter2,sweing,Monday,5,0.65,20.79,1141.0,8460,0,0.0,0,0,59.0,0.650040783
1/12/2015,Quarter2,finishing ,Monday,11,0.8,4.15,,1440,0,0.0,0,0,8.0,0.640577652
1/13/2015,Quarter2,finishing ,Tuesday,1,0.8,3.94,,1440,0,0.0,0,0,2.0,0.951420455
1/13/2015,Quarter2,finishing ,Tuesday,9,0.8,3.94,,1440,0,0.0,0,0,8.0,0.8581439390000001
1/13/2015,Quarter2,sweing,Tuesday,12,0.8,11.61,1063.0,5670,50,0.0,0,0,31.5,0.8002467529999999
1/13/2015,Quarter2,sweing,Tuesday,2,0.8,28.08,723.0,10530,50,0.0,0,0,58.5,0.8
1/13/2015,Quarter2,finishing ,Tuesday,8,0.8,2.9,,1440,0,0.0,0,0,8.0,0.681060606
1/13/2015,Quarter2,finishing ,Tuesday,7,0.8,2.9,,1440,0,0.0,0,0,8.0,0.670075758
1/13/2015,Quarter2,sweing,Tuesday,5,0.7,20.79,1297.0,10440,0,0.0,0,0,58.0,0.526810345
1/13/2015,Quarter2,sweing,Tuesday,4,0.5,22.4,783.0,10170,23,0.0,0,0,56.5,0.500380799
1/14/2015,Quarter2,finishing ,Wednesday,4,0.35,4.3,,2700,0,0.0,0,0,8.0,0.908080808
1/14/2015,Quarter2,sweing,Wednesday,7,0.8,25.9,1150.0,10170,70,0.0,0,0,56.5,0.900144811
1/14/2015,Quarter2,finishing ,Wednesday,5,0.65,4.15,,1440,0,0.0,0,0,15.0,0.864583333
1/14/2015,Quarter2,finishing ,Wednesday,9,0.8,3.94,,1440,0,0.0,0,0,8.0,0.8581439390000001
1/14/2015,Quarter2,sweing,Wednesday,8,0.8,25.9,1218.0,10170,60,0.0,0,0,56.5,0.850136766
1/14/2015,Quarter2,sweing,Wednesday,12,0.8,11.61,1159.0,2970,50,0.0,0,0,31.5,0.800313433
1/14/2015,Quarter2,sweing,Wednesday,1,0.8,26.16,1092.0,10620,63,0.0,0,0,59.0,0.8001171029999999
1/14/2015,Quarter2,finishing ,Wednesday,8,0.8,2.9,,1440,0,0.0,0,0,8.0,0.667329545
1/14/2015,Quarter2,sweing,Wednesday,10,0.5,22.4,947.0,3390,23,0.0,0,0,56.5,0.49998033399999997
1/15/2015,Quarter3,finishing ,Thursday,10,0.8,3.94,,3420,0,0.0,0,0,19.0,0.953110048
1/15/2015,Quarter3,finishing ,Thursday,1,0.8,3.94,,1440,0,0.0,0,0,8.0,0.8842613640000001
1/15/2015,Quarter3,sweing,Thursday,8,0.8,25.9,1177.0,8970,60,0.0,0,0,56.5,0.8504156279999999
1/15/2015,Quarter3,sweing,Thursday,7,0.8,25.9,1281.0,10170,60,0.0,0,0,56.5,0.850136766
1/15/2015,Quarter3,sweing,Thursday,9,0.8,26.16,1369.0,10620,63,0.0,0,0,59.0,0.8001171029999999
1/15/2015,Quarter3,sweing,Thursday,12,0.8,11.61,1216.0,4950,50,0.0,0,0,31.5,0.80003139
1/15/2015,Quarter3,sweing,Thursday,5,0.7,20.79,391.0,10440,0,0.0,0,0,58.0,0.700060345
1/15/2015,Quarter3,sweing,Thursday,4,0.65,22.52,872.0,10080,26,0.0,0,0,56.0,0.650130952
1/15/2015,Quarter3,finishing ,Thursday,8,0.8,2.9,,1440,0,0.0,0,0,8.0,0.606912879
1/15/2015,Quarter3,sweing,Thursday,10,0.6,22.52,1076.0,10170,23,0.0,0,0,56.5,0.600291767
1/17/2015,Quarter3,finishing ,Saturday,10,0.8,3.94,,1440,0,0.0,0,0,8.0,0.9746212120000001
1/17/2015,Quarter3,finishing ,Saturday,1,0.8,3.94,,1440,0,0.0,0,0,8.0,0.8842613640000001
1/17/2015,Quarter3,sweing,Saturday,12,0.8,11.61,1039.0,5670,63,0.0,0,0,31.5,0.8002467529999999
1/17/2015,Quarter3,sweing,Saturday,8,0.8,25.9,1292.0,10170,50,0.0,0,0,56.5,0.800128721
1/17/2015,Quarter3,sweing,Saturday,1,0.8,48.68,171.0,10620,63,0.0,0,0,59.0,0.8001171029999999
1/17/2015,Quarter3,sweing,Saturday,4,0.7,22.52,825.0,10170,50,0.0,0,0,56.5,0.7005416999999999
1/17/2015,Quarter3,finishing ,Saturday,7,0.8,2.9,,1440,0,0.0,0,0,8.0,0.661837121
1/17/2015,Quarter3,sweing,Saturday,5,0.7,41.19,1052.0,10440,21,0.0,0,0,58.0,0.452012539
1/18/2015,Quarter3,finishing ,Sunday,11,0.65,4.15,,2160,0,0.0,0,0,12.0,0.8383838379999999
1/18/2015,Quarter3,sweing,Sunday,6,0.8,11.41,1140.0,5490,63,0.0,0,0,30.5,0.8003437659999999
1/18/2015,Quarter3,sweing,Sunday,7,0.8,48.84,624.0,10170,50,0.0,0,0,56.5,0.800128721
1/18/2015,Quarter3,sweing,Sunday,8,0.8,25.9,1288.0,10170,38,0.0,0,0,56.5,0.800128721
1/18/2015,Quarter3,sweing,Sunday,4,0.7,22.52,882.0,10170,50,0.0,0,0,56.5,0.7005416999999999
1/18/2015,Quarter3,sweing,Sunday,10,0.7,22.52,1002.0,10080,40,0.0,0,0,56.0,0.7000941559999999
1/18/2015,Quarter3,finishing ,Sunday,7,0.8,2.9,,1440,0,0.0,0,0,8.0,0.692045455
1/18/2015,Quarter3,sweing,Sunday,12,0.8,26.87,585.0,5670,56,0.0,0,0,31.5,0.662255892
1/18/2015,Quarter3,sweing,Sunday,3,0.65,22.52,1138.0,10170,35,0.0,0,0,56.5,0.650416734
1/18/2015,Quarter3,sweing,Sunday,11,0.65,14.89,1140.0,10260,44,0.0,0,0,57.0,0.650299575
1/18/2015,Quarter3,sweing,Sunday,5,0.6,20.4,1031.0,10440,30,0.0,0,0,58.0,0.6000626960000001
1/18/2015,Quarter3,finishing ,Sunday,9,0.8,3.94,,1800,0,0.0,0,0,10.0,0.582045455
1/18/2015,Quarter3,sweing,Sunday,1,0.8,49.1,1381.0,10350,24,0.0,0,0,57.5,0.403242161
1/19/2015,Quarter3,finishing ,Monday,4,0.7,4.3,,5040,0,0.0,0,0,28.0,0.977272727
1/19/2015,Quarter3,finishing ,Monday,9,0.8,3.94,,1800,0,0.0,0,0,10.0,0.964106061
1/19/2015,Quarter3,finishing ,Monday,5,0.65,4.15,,1440,0,0.0,0,0,8.0,0.958901515
1/19/2015,Quarter3,sweing,Monday,6,0.8,11.41,1028.0,4380,50,0.0,0,0,31.0,0.800358775
1/19/2015,Quarter3,sweing,Monday,9,0.8,26.16,1196.0,10620,63,0.0,0,0,59.0,0.8001171029999999
1/19/2015,Quarter3,sweing,Monday,4,0.7,22.52,930.0,10260,63,0.0,0,0,57.0,0.750068049
1/19/2015,Quarter3,sweing,Monday,10,0.7,22.52,938.0,10080,63,0.0,0,0,56.0,0.750057359
1/19/2015,Quarter3,sweing,Monday,7,0.8,48.84,1040.0,10260,30,0.0,0,0,57.0,0.576460393
1/19/2015,Quarter3,sweing,Monday,1,0.5,22.94,1492.0,10170,30,0.0,0,0,56.5,0.549969429
1/19/2015,Quarter3,finishing ,Monday,11,0.7,4.15,,1440,0,0.0,0,0,8.0,0.409545455
1/19/2015,Quarter3,sweing,Monday,12,0.35,15.26,1111.0,6120,23,0.0,0,0,34.0,0.35021836
1/20/2015,Quarter3,finishing ,Tuesday,5,0.7,4.15,,1440,0,0.0,0,0,8.0,1.033570076
1/20/2015,Quarter3,sweing,Tuesday,8,0.8,25.9,1434.0,10170,50,0.0,0,0,56.5,0.800128721
1/20/2015,Quarter3,sweing,Tuesday,9,0.8,26.16,399.0,10620,63,0.0,0,0,59.0,0.8001171029999999
1/20/2015,Quarter3,sweing,Tuesday,4,0.7,22.52,983.0,10260,63,0.0,0,0,57.0,0.750068049
1/20/2015,Quarter3,finishing ,Tuesday,9,0.8,3.94,,1800,0,0.0,0,0,10.0,0.72830303
1/20/2015,Quarter3,sweing,Tuesday,11,0.7,14.89,1501.0,10260,50,0.0,0,0,57.0,0.700170388
1/20/2015,Quarter3,sweing,Tuesday,12,0.5,15.26,1352.0,3720,23,0.0,0,0,34.0,0.5002904189999999
1/20/2015,Quarter3,sweing,Tuesday,7,0.35,22.94,1450.0,10080,30,0.0,0,0,56.0,0.40033279200000005
1/21/2015,Quarter3,finishing ,Wednesday,4,0.75,4.3,,6000,0,0.0,0,0,20.0,0.978525641
1/21/2015,Quarter3,sweing,Wednesday,2,0.7,22.94,1422.0,10500,60,0.0,0,0,57.0,0.800415742
1/21/2015,Quarter3,finishing ,Wednesday,5,0.7,4.15,,2400,0,0.0,0,0,8.0,0.758173077
1/21/2015,Quarter3,sweing,Wednesday,3,0.7,22.52,1139.0,10260,63,0.0,0,0,57.0,0.750068049
1/21/2015,Quarter3,sweing,Wednesday,1,0.65,22.94,1595.0,10260,34,0.0,0,0,57.0,0.700029771
1/21/2015,Quarter3,finishing ,Wednesday,8,0.8,2.9,,2400,0,0.0,0,0,8.0,0.594871795
1/21/2015,Quarter3,finishing ,Wednesday,1,0.65,3.94,,2400,0,0.0,0,0,8.0,0.505128205
1/21/2015,Quarter3,finishing ,Wednesday,11,0.7,4.15,,2700,0,0.0,0,0,9.0,0.470769231
1/22/2015,Quarter4,finishing ,Thursday,7,0.6,3.94,,6000,0,0.0,0,0,10.0,0.957638889
1/22/2015,Quarter4,finishing ,Thursday,10,0.75,3.94,,8400,0,0.0,0,0,14.0,0.9407010579999999
1/22/2015,Quarter4,sweing,Thursday,4,0.75,22.52,759.0,10080,81,0.0,0,0,56.0,0.8499837659999999
1/22/2015,Quarter4,sweing,Thursday,6,0.8,11.61,955.0,6360,63,0.0,0,0,32.0,0.8001919890000001
1/22/2015,Quarter4,sweing,Thursday,10,0.75,22.52,1328.0,10080,55,0.0,0,0,56.0,0.800020563
1/22/2015,Quarter4,sweing,Thursday,1,0.7,22.94,1384.0,12180,63,0.0,0,0,57.0,0.750162367
1/22/2015,Quarter4,sweing,Thursday,3,0.7,22.52,1244.0,10260,63,0.0,0,0,57.0,0.750068049
1/22/2015,Quarter4,finishing ,Thursday,5,0.7,4.15,,9000,0,0.0,0,0,15.0,0.742901235
1/22/2015,Quarter4,sweing,Thursday,5,0.7,20.4,1480.0,10440,40,0.0,0,0,58.0,0.7002507840000001
1/22/2015,Quarter4,finishing ,Thursday,4,0.75,4.3,,9000,0,0.0,0,0,15.0,0.670216049
1/22/2015,Quarter4,finishing ,Thursday,6,0.8,2.9,,4800,0,0.0,0,0,8.0,0.626822917
1/22/2015,Quarter4,sweing,Thursday,7,0.6,22.52,1859.0,10260,23,0.0,0,0,57.0,0.60041361
1/22/2015,Quarter4,sweing,Thursday,9,0.5,29.12,970.0,10440,30,0.0,0,0,58.0,0.500547544
1/22/2015,Quarter4,finishing ,Thursday,8,0.8,2.9,,4800,0,0.0,0,0,8.0,0.39774305600000004
1/24/2015,Quarter4,finishing ,Saturday,8,0.8,2.9,,1620,0,0.0,0,0,9.0,0.910521886
1/24/2015,Quarter4,finishing ,Saturday,7,0.65,3.94,,2160,0,0.0,0,0,12.0,0.8705808079999999
1/24/2015,Quarter4,sweing,Saturday,1,0.7,22.94,1472.0,10260,75,0.0,0,0,57.0,0.800643806
1/24/2015,Quarter4,sweing,Saturday,10,0.75,22.52,1332.0,10080,69,0.0,0,0,56.0,0.80062987
1/24/2015,Quarter4,sweing,Saturday,11,0.75,42.97,1282.0,10260,56,0.0,0,0,57.0,0.7500412009999999
1/24/2015,Quarter4,sweing,Saturday,5,0.7,20.4,1382.0,10440,50,0.0,0,0,58.0,0.7002507840000001
1/24/2015,Quarter4,finishing ,Saturday,4,0.75,4.3,,2160,0,0.0,0,0,12.0,0.651515152
1/24/2015,Quarter4,sweing,Saturday,7,0.65,22.52,1295.0,10170,26,0.0,0,0,56.5,0.650416734
1/24/2015,Quarter4,sweing,Saturday,9,0.6,29.12,925.0,6660,23,0.0,0,0,58.0,0.600125217
1/24/2015,Quarter4,finishing ,Saturday,9,0.6,3.94,,1440,0,0.0,0,0,8.0,0.261174242
1/25/2015,Quarter4,finishing ,Sunday,5,0.7,4.15,,3060,0,0.0,0,0,17.0,0.9737967909999999
1/25/2015,Quarter4,finishing ,Sunday,2,0.75,3.94,,1440,0,0.0,0,0,8.0,0.970075758
1/25/2015,Quarter4,finishing ,Sunday,1,0.7,3.94,,1440,0,0.0,0,0,8.0,0.970075758
1/25/2015,Quarter4,finishing ,Sunday,4,0.75,4.3,,2160,0,0.0,0,0,12.0,0.952020202
1/25/2015,Quarter4,sweing,Sunday,1,0.7,22.94,1682.0,10530,75,0.0,0,0,58.5,0.8009096090000001
1/25/2015,Quarter4,sweing,Sunday,3,0.75,22.52,1495.0,10350,55,0.0,0,0,57.5,0.800513307
1/25/2015,Quarter4,sweing,Sunday,6,0.8,11.61,1181.0,5760,63,0.0,0,0,32.0,0.8003863640000001
1/25/2015,Quarter4,sweing,Sunday,7,0.7,22.52,360.0,10170,40,0.0,0,0,56.5,0.7005416999999999
1/25/2015,Quarter4,sweing,Sunday,12,0.7,15.26,1296.0,6120,40,0.0,0,0,34.0,0.70043672
1/25/2015,Quarter4,sweing,Sunday,5,0.7,20.4,1217.0,10440,50,0.0,0,0,58.0,0.7002507840000001
1/25/2015,Quarter4,sweing,Sunday,9,0.65,29.12,1086.0,10440,26,0.0,0,0,58.0,0.650407524
1/25/2015,Quarter4,sweing,Sunday,8,0.5,15.09,1557.0,720,23,0.0,0,0,52.0,0.500061916
1/26/2015,Quarter4,finishing ,Monday,1,0.7,3.94,,1800,0,0.0,0,0,10.0,0.9103787879999999
1/26/2015,Quarter4,sweing,Monday,4,0.8,22.52,1016.0,10170,60,0.0,0,0,56.5,0.850312684
1/26/2015,Quarter4,sweing,Monday,3,0.75,22.52,1584.0,10260,69,0.0,0,0,57.0,0.80035194
1/26/2015,Quarter4,sweing,Monday,1,0.7,22.94,1745.0,10440,60,0.0,0,0,58.0,0.8000235109999999
1/26/2015,Quarter4,sweing,Monday,10,0.75,22.52,1250.0,10080,55,0.0,0,0,56.0,0.800020563
1/26/2015,Quarter4,finishing ,Monday,7,0.65,3.94,,1440,0,0.0,0,0,8.0,0.646306818
1/26/2015,Quarter4,sweing,Monday,8,0.6,15.09,1519.0,360,23,0.0,0,0,52.0,0.600143365
1/26/2015,Quarter4,sweing,Monday,11,0.35,28.08,749.0,10260,23,0.0,0,0,57.0,0.350066986
1/27/2015,Quarter4,sweing,Tuesday,3,0.75,22.52,1299.0,6840,119,0.0,0,0,57.0,1.000230409
1/27/2015,Quarter4,finishing ,Tuesday,10,0.8,3.94,,1440,0,0.0,0,0,12.0,0.979527778
1/27/2015,Quarter4,finishing ,Tuesday,5,0.5,4.15,,1440,0,0.0,0,0,12.0,0.926388889
1/27/2015,Quarter4,finishing ,Tuesday,3,0.75,3.94,,1440,0,0.0,0,0,12.0,0.861875
1/27/2015,Quarter4,sweing,Tuesday,4,0.8,22.52,1106.0,6780,60,0.0,0,0,56.5,0.850312684
1/27/2015,Quarter4,finishing ,Tuesday,8,0.65,3.94,,960,0,0.0,0,0,8.0,0.845458333
1/27/2015,Quarter4,finishing ,Tuesday,7,0.5,4.15,,960,0,0.0,0,0,8.0,0.8035416670000001
1/27/2015,Quarter4,sweing,Tuesday,1,0.75,22.94,1871.0,6960,55,0.0,0,0,58.0,0.800263218
1/27/2015,Quarter4,sweing,Tuesday,9,0.7,29.12,1294.0,6960,50,0.0,0,0,58.0,0.700386207
1/27/2015,Quarter4,sweing,Tuesday,12,0.7,15.26,1462.0,4080,40,0.0,0,0,34.0,0.7001647059999999
1/27/2015,Quarter4,finishing ,Tuesday,6,0.8,2.9,,960,0,0.0,0,0,8.0,0.6225
1/27/2015,Quarter4,sweing,Tuesday,5,0.5,20.79,1455.0,6960,30,0.0,0,0,58.0,0.500035345
1/28/2015,Quarter4,finishing ,Wednesday,6,0.35,2.9,,1800,0,0.0,0,0,15.0,0.977555556
1/28/2015,Quarter4,sweing,Wednesday,1,0.75,22.94,1868.0,6960,81,0.0,0,0,58.0,0.8503620690000001
1/28/2015,Quarter4,sweing,Wednesday,9,0.7,29.12,1340.0,6960,63,0.0,0,0,58.0,0.7505931029999999
1/28/2015,Quarter4,finishing ,Wednesday,4,0.8,4.3,,1440,0,0.0,0,0,12.0,0.7226388890000001
1/28/2015,Quarter4,finishing ,Wednesday,8,0.65,4.15,,960,0,0.0,0,0,8.0,0.553333333
1/28/2015,Quarter4,sweing,Wednesday,8,0.7,38.09,336.0,6240,0,0.0,0,0,52.0,0.46769326899999997
1/28/2015,Quarter4,finishing ,Wednesday,7,0.6,3.94,,960,0,0.0,0,0,8.0,0.40635416700000004
1/29/2015,Quarter5,sweing,Thursday,2,0.8,22.52,1416.0,6840,113,0.0,0,0,57.0,1.000230409
1/29/2015,Quarter5,finishing ,Thursday,4,0.8,4.3,,1200,0,0.0,0,0,10.0,0.9890000000000001
1/29/2015,Quarter5,sweing,Thursday,3,0.8,22.52,1287.0,6840,100,0.0,0,0,57.0,0.950185965
1/29/2015,Quarter5,sweing,Thursday,4,0.8,22.52,1444.0,6900,88,0.0,0,0,57.5,0.9008
1/29/2015,Quarter5,finishing ,Thursday,8,0.65,4.15,,960,0,0.0,0,0,8.0,0.877552083
1/29/2015,Quarter5,finishing ,Thursday,11,0.6,2.9,,960,0,0.0,0,0,8.0,0.864583333
1/29/2015,Quarter5,finishing ,Thursday,10,0.8,3.94,,1200,0,0.0,0,0,10.0,0.85695
1/29/2015,Quarter5,sweing,Thursday,1,0.75,22.94,1579.0,6960,81,0.0,0,0,58.0,0.8503620690000001
1/29/2015,Quarter5,sweing,Thursday,5,0.65,20.79,1015.0,7080,81,0.0,0,0,59.0,0.800473729
1/29/2015,Quarter5,finishing ,Thursday,2,0.8,3.94,,1200,0,0.0,0,0,10.0,0.773333333
1/29/2015,Quarter5,sweing,Thursday,11,0.6,20.1,1601.0,4320,46,0.0,0,0,51.0,0.60059761
1/29/2015,Quarter5,sweing,Thursday,6,0.5,18.79,717.0,3960,23,0.0,0,0,33.0,0.500117677
1/29/2015,Quarter5,finishing ,Thursday,3,0.8,3.94,,960,0,0.0,0,0,8.0,0.4925
1/31/2015,Quarter5,sweing,Saturday,3,0.8,22.52,1136.0,6960,113,0.0,0,0,58.0,1.000457471
1/31/2015,Quarter5,sweing,Saturday,2,0.8,22.52,1397.0,6840,113,0.0,0,0,57.0,1.000230409
1/31/2015,Quarter5,finishing ,Saturday,3,0.8,3.94,,960,0,0.0,0,0,8.0,0.971866667
1/31/2015,Quarter5,finishing ,Saturday,10,0.8,3.94,,1200,0,0.0,0,0,10.0,0.971866667
1/31/2015,Quarter5,finishing ,Saturday,1,0.75,3.94,,1800,0,0.0,0,0,15.0,0.971866667
1/31/2015,Quarter5,finishing ,Saturday,9,0.75,3.94,,240,0,0.0,0,0,2.0,0.971866667
1/31/2015,Quarter5,finishing ,Saturday,12,0.75,4.08,,1080,0,0.0,0,0,9.0,0.971866667
1/31/2015,Quarter5,finishing ,Saturday,5,0.7,3.94,,240,0,0.0,0,0,2.0,0.971866667
1/31/2015,Quarter5,finishing ,Saturday,11,0.65,3.94,,600,0,0.0,0,0,5.0,0.971866667
1/31/2015,Quarter5,sweing,Saturday,10,0.8,22.52,1116.0,6720,93,0.0,0,0,56.0,0.920236905
1/31/2015,Quarter5,sweing,Saturday,9,0.75,29.12,1082.0,6840,81,0.0,0,0,57.0,0.850610526
1/31/2015,Quarter5,sweing,Saturday,12,0.75,15.26,1209.0,4200,45,0.0,0,0,35.0,0.750646667
1/31/2015,Quarter5,sweing,Saturday,5,0.7,50.89,282.0,5880,56,0.0,0,0,59.0,0.656763743
1/31/2015,Quarter5,sweing,Saturday,6,0.6,18.79,799.0,3960,23,0.0,0,0,33.0,0.600710606
2/1/2015,Quarter1,sweing,Sunday,2,0.8,22.52,1396.0,6900,113,0.0,0,0,57.5,1.0006713040000002
2/1/2015,Quarter1,sweing,Sunday,1,0.8,22.94,1582.0,3060,113,0.0,0,0,58.5,1.000402055
2/1/2015,Quarter1,finishing ,Sunday,1,0.75,3.94,,2280,0,0.0,0,0,19.0,0.9504385959999999
2/1/2015,Quarter1,finishing ,Sunday,7,0.7,3.94,,2160,0,0.0,0,0,18.0,0.892194444
2/1/2015,Quarter1,finishing ,Sunday,10,0.8,3.94,,1200,0,0.0,0,0,10.0,0.8865
2/1/2015,Quarter1,sweing,Sunday,10,0.8,22.52,1282.0,6720,75,0.0,0,0,56.0,0.850532143
2/1/2015,Quarter1,finishing ,Sunday,4,0.8,4.3,,1440,0,0.0,0,0,12.0,0.8450694440000001
2/1/2015,Quarter1,sweing,Sunday,12,0.75,15.26,1276.0,1440,45,0.0,0,0,35.0,0.750450658
2/1/2015,Quarter1,finishing ,Sunday,12,0.75,4.08,,1080,0,0.0,0,0,9.0,0.702666667
2/1/2015,Quarter1,sweing,Sunday,8,0.6,24.26,1196.0,6600,0,0.0,0,0,55.0,0.46682121200000004
2/1/2015,Quarter1,sweing,Sunday,7,0.7,24.26,1400.0,6720,0,0.0,0,0,56.0,0.411553571
2/1/2015,Quarter1,finishing ,Sunday,6,0.6,2.9,,1200,0,0.0,0,0,10.0,0.314166667
2/2/2015,Quarter1,sweing,Monday,1,0.8,22.94,16882.0,7020,113,0.0,0,0,58.5,1.000602279
2/2/2015,Quarter1,finishing ,Monday,9,0.75,3.94,,960,0,0.0,0,0,8.0,0.994270833
2/2/2015,Quarter1,sweing,Monday,3,0.8,22.52,21266.0,6840,70,0.0,0,0,57.0,0.90014152
2/2/2015,Quarter1,finishing ,Monday,10,0.8,3.94,,1200,0,0.0,0,0,10.0,0.85695
2/2/2015,Quarter1,finishing ,Monday,4,0.8,4.3,,1440,0,0.0,0,0,12.0,0.8092361109999999
2/2/2015,Quarter1,sweing,Monday,9,0.75,29.12,8992.0,6960,55,0.0,0,0,58.0,0.7999632179999999
2/2/2015,Quarter1,finishing ,Monday,12,0.75,4.08,,1080,0,0.0,0,0,9.0,0.7404444440000001
2/2/2015,Quarter1,sweing,Monday,11,0.7,20.55,9792.0,6480,60,0.0,0,0,54.0,0.700398148
2/2/2015,Quarter1,finishing ,Monday,8,0.65,4.15,,960,0,0.0,0,0,8.0,0.5619791670000001
2/2/2015,Quarter1,finishing ,Monday,1,0.75,3.94,,2280,0,0.0,0,0,19.0,0.504596491
2/3/2015,Quarter1,sweing,Tuesday,1,0.8,22.52,1500.0,6900,113,0.0,0,0,57.5,1.000018551
2/3/2015,Quarter1,sweing,Tuesday,3,0.8,22.52,1112.0,6840,100,0.0,0,0,57.0,0.950185965
2/3/2015,Quarter1,sweing,Tuesday,4,0.8,22.52,340.0,5460,63,0.0,0,0,56.5,0.800434622
2/3/2015,Quarter1,finishing ,Tuesday,12,0.8,4.08,,1080,0,0.0,0,0,9.0,0.778222222
2/3/2015,Quarter1,sweing,Tuesday,11,0.7,25.31,946.0,5760,60,0.0,0,0,54.0,0.7005135659999999
2/3/2015,Quarter1,sweing,Tuesday,6,0.7,18.79,913.0,4020,30,0.0,0,0,33.5,0.700184577
2/3/2015,Quarter1,finishing ,Tuesday,4,0.8,4.3,,1440,0,0.0,0,0,12.0,0.5375
2/3/2015,Quarter1,finishing ,Tuesday,6,0.7,2.9,,960,0,0.0,0,0,8.0,0.49541666700000003
2/4/2015,Quarter1,sweing,Wednesday,2,0.8,22.52,1263.0,6900,100,0.0,0,0,57.5,1.05028058
2/4/2015,Quarter1,sweing,Wednesday,3,0.8,22.52,968.0,6840,113,0.0,0,0,57.0,1.000230409
2/4/2015,Quarter1,sweing,Wednesday,10,0.8,22.52,1108.0,6720,113,0.0,0,0,56.0,0.999995238
2/4/2015,Quarter1,finishing,Wednesday,1,0.8,3.94,,1200,0,0.0,0,0,10.0,0.929183333
2/4/2015,Quarter1,finishing,Wednesday,8,0.7,4.15,,3000,0,0.0,0,0,25.0,0.915766667
2/4/2015,Quarter1,sweing,Wednesday,12,0.8,15.26,1094.0,4080,38,0.0,0,0,34.0,0.8004019609999999
2/4/2015,Quarter1,finishing,Wednesday,7,0.7,3.94,,960,0,0.0,0,0,8.0,0.779791667
2/4/2015,Quarter1,sweing,Wednesday,6,0.7,18.79,941.0,3360,30,0.0,0,0,33.0,0.700710417
2/4/2015,Quarter1,sweing,Wednesday,7,0.7,24.26,1471.0,6960,0,0.0,0,0,58.0,0.7006120690000001
2/4/2015,Quarter1,finishing ,Wednesday,12,0.8,4.08,,1080,0,0.0,0,0,9.0,0.687555556
2/4/2015,Quarter1,sweing,Wednesday,5,0.65,30.1,326.0,5820,0,90.0,10,0,58.5,0.6508348079999999
2/5/2015,Quarter1,sweing,Thursday,2,0.8,22.52,1300.0,6780,113,0.0,0,0,56.5,1.0004460179999999
2/5/2015,Quarter1,sweing,Thursday,1,0.8,22.52,1485.0,6900,113,0.0,0,0,57.5,1.000018551
2/5/2015,Quarter1,sweing,Thursday,10,0.8,22.52,1039.0,6720,113,0.0,0,0,56.0,0.999995238
2/5/2015,Quarter1,finishing,Thursday,2,0.8,3.94,,2640,0,0.0,0,0,22.0,0.9999242420000001
2/5/2015,Quarter1,finishing,Thursday,6,0.7,2.9,,960,0,0.0,0,0,8.0,0.9425
2/5/2015,Quarter1,finishing,Thursday,1,0.8,3.94,,1440,0,0.0,0,0,12.0,0.845458333
2/5/2015,Quarter1,sweing,Thursday,12,0.8,15.26,1083.0,720,38,0.0,0,0,34.0,0.800612676
2/5/2015,Quarter1,sweing,Thursday,9,0.8,29.12,1069.0,6960,50,0.0,0,0,58.0,0.7999632179999999
2/5/2015,Quarter1,sweing,Thursday,11,0.75,10.05,668.0,2520,34,0.0,0,0,26.0,0.7504
2/5/2015,Quarter1,sweing,Thursday,6,0.7,18.79,766.0,2760,30,0.0,0,0,33.0,0.700079032
2/5/2015,Quarter1,sweing,Thursday,4,0.5,30.1,417.0,6360,23,0.0,0,1,53.0,0.500720126
2/7/2015,Quarter1,sweing,Saturday,3,0.8,22.52,1060.0,6840,100,0.0,0,0,57.0,0.950185965
2/7/2015,Quarter1,sweing,Saturday,10,0.8,22.52,1142.0,6720,88,0.0,0,0,56.0,0.900129762
2/7/2015,Quarter1,finishing,Saturday,12,0.8,4.08,,1080,0,0.0,0,0,9.0,0.899111111
2/7/2015,Quarter1,sweing,Saturday,6,0.75,18.79,813.0,1560,34,0.0,0,0,33.0,0.750520115
2/7/2015,Quarter1,finishing,Saturday,7,0.7,3.94,,1200,0,0.0,0,0,10.0,0.715766667
2/7/2015,Quarter1,sweing,Saturday,5,0.7,30.1,687.0,7500,0,0.0,0,0,59.0,0.545657673
2/7/2015,Quarter1,sweing,Saturday,8,0.7,24.26,652.0,6840,0,300.0,37,0,57.0,0.36531871299999996
2/8/2015,Quarter2,sweing,Sunday,2,0.8,22.52,1233.0,6900,113,0.0,0,0,57.5,1.000018551
2/8/2015,Quarter2,finishing,Sunday,7,0.7,4.15,,1440,0,0.0,0,0,12.0,0.928680556
2/8/2015,Quarter2,sweing,Sunday,10,0.8,22.52,1388.0,6720,88,0.0,0,0,56.0,0.9008
2/8/2015,Quarter2,sweing,Sunday,3,0.8,22.52,1283.0,6720,88,0.0,0,0,56.0,0.900129762
2/8/2015,Quarter2,sweing,Sunday,12,0.8,15.26,1026.0,2880,63,0.0,0,0,34.0,0.8003552079999999
2/8/2015,Quarter2,sweing,Sunday,9,0.8,29.12,909.0,6960,50,0.0,0,0,58.0,0.7999632179999999
2/8/2015,Quarter2,sweing,Sunday,11,0.75,10.05,629.0,3240,45,0.0,0,0,27.0,0.750027778
2/8/2015,Quarter2,sweing,Sunday,5,0.7,30.1,754.0,7020,0,0.0,0,0,58.5,0.700618234
2/8/2015,Quarter2,finishing,Sunday,6,0.75,2.9,,960,0,0.0,0,0,8.0,0.610208333
2/8/2015,Quarter2,finishing,Sunday,9,0.8,3.94,,960,0,0.0,0,0,8.0,0.6074166670000001
2/8/2015,Quarter2,sweing,Sunday,7,0.7,24.26,148.0,6960,0,0.0,0,0,58.0,0.35553448299999996
2/8/2015,Quarter2,sweing,Sunday,8,0.7,24.26,154.0,6840,0,0.0,0,0,57.0,0.353259649
2/9/2015,Quarter2,sweing,Monday,1,0.8,22.52,1506.0,3600,70,0.0,0,0,57.0,0.9005090440000001
2/9/2015,Quarter2,sweing,Monday,9,0.8,29.12,1073.0,6960,50,0.0,0,0,58.0,0.7999632179999999
2/9/2015,Quarter2,sweing,Monday,11,0.75,10.05,103.0,0,45,0.0,0,0,54.0,0.750648148
2/9/2015,Quarter2,finishing,Monday,8,0.35,4.15,,1800,0,0.0,0,0,15.0,0.7071111109999999
2/9/2015,Quarter2,finishing,Monday,9,0.8,3.94,,960,0,0.0,0,0,8.0,0.697708333
2/9/2015,Quarter2,sweing,Monday,7,0.35,30.1,842.0,6960,0,0.0,0,1,58.0,0.350301724
2/10/2015,Quarter2,sweing,Tuesday,3,0.8,22.52,813.0,0,88,0.0,0,0,57.0,0.90047076
2/10/2015,Quarter2,finishing,Tuesday,1,0.8,3.94,,1440,0,0.0,0,0,12.0,0.853666667
2/10/2015,Quarter2,sweing,Tuesday,12,0.8,15.26,900.0,4080,50,0.0,0,0,34.0,0.8004019609999999
2/10/2015,Quarter2,sweing,Tuesday,11,0.8,10.05,13.0,3240,34,0.0,0,0,54.0,0.750648148
2/10/2015,Quarter2,sweing,Tuesday,4,0.7,30.1,855.0,7020,40,0.0,0,1,58.0,0.700618234
2/10/2015,Quarter2,finishing,Tuesday,6,0.75,2.9,,960,0,0.0,0,0,8.0,0.6283333329999999
2/10/2015,Quarter2,sweing,Tuesday,7,0.5,30.1,1025.0,6960,23,0.0,0,1,58.0,0.500801724
2/10/2015,Quarter2,sweing,Tuesday,8,0.5,30.1,1061.0,6960,30,0.0,0,1,58.0,0.39354885100000003
2/11/2015,Quarter2,finishing,Wednesday,8,0.35,4.15,,1440,0,0.0,0,0,12.0,0.994375
2/11/2015,Quarter2,finishing,Wednesday,2,0.8,3.94,,2160,0,0.0,0,0,18.0,0.912037037
2/11/2015,Quarter2,finishing,Wednesday,5,0.7,4.15,,240,0,0.0,0,0,2.0,0.87
2/11/2015,Quarter2,sweing,Wednesday,9,0.8,29.12,609.0,3240,50,0.0,0,0,58.0,0.8001441440000001
2/11/2015,Quarter2,sweing,Wednesday,5,0.75,30.1,788.0,7380,56,0.0,0,0,59.5,0.750406233
2/11/2015,Quarter2,finishing,Wednesday,1,0.8,3.94,,1440,0,0.0,0,0,12.0,0.618361111
2/11/2015,Quarter2,sweing,Wednesday,7,0.6,30.1,829.0,3360,23,0.0,0,1,58.0,0.6000705129999999
2/11/2015,Quarter2,sweing,Wednesday,3,0.8,22.52,11.0,6840,0,0.0,0,1,57.0,0.536901754
2/11/2015,Quarter2,sweing,Wednesday,11,0.35,11.41,434.0,3240,0,0.0,0,1,52.0,0.507903226
2/12/2015,Quarter2,sweing,Thursday,1,0.8,22.52,1397.0,0,138,0.0,0,0,57.0,1.100483918
2/12/2015,Quarter2,finishing,Thursday,4,0.7,4.15,,1800,0,0.0,0,0,15.0,1.096633333
2/12/2015,Quarter2,sweing,Thursday,2,0.8,22.52,1327.0,0,113,0.0,0,0,57.5,1.000344928
2/12/2015,Quarter2,finishing,Thursday,12,0.8,4.08,,1080,0,0.0,0,0,9.0,0.838666667
2/12/2015,Quarter2,sweing,Thursday,12,0.8,15.26,894.0,4080,50,0.0,0,0,34.0,0.8004019609999999
2/12/2015,Quarter2,sweing,Thursday,5,0.75,30.1,610.0,7080,56,0.0,0,0,59.0,0.750799435
2/12/2015,Quarter2,sweing,Thursday,6,0.8,18.79,779.0,3960,0,0.0,0,0,33.0,0.688017677
2/12/2015,Quarter2,finishing,Thursday,5,0.7,4.15,,240,0,0.0,0,0,2.0,0.58
2/12/2015,Quarter2,sweing,Thursday,7,0.65,30.1,909.0,7080,0,0.0,0,1,59.0,0.5356779660000001
2/12/2015,Quarter2,sweing,Thursday,9,0.8,29.12,14.0,6960,0,0.0,0,0,58.0,0.497885057
2/12/2015,Quarter2,sweing,Thursday,10,0.8,22.52,10.0,6000,0,0.0,0,0,50.0,0.441392
2/14/2015,Quarter2,finishing,Saturday,12,0.8,4.08,,1080,0,0.0,0,0,9.0,0.8008888890000001
2/14/2015,Quarter2,sweing,Saturday,12,0.8,15.26,942.0,4080,63,0.0,0,0,34.0,0.8004019609999999
2/14/2015,Quarter2,sweing,Saturday,2,0.8,22.52,674.0,3660,63,0.0,0,0,57.0,0.80037492
2/14/2015,Quarter2,sweing,Saturday,4,0.75,30.1,481.0,7140,0,0.0,0,1,59.0,0.7503921570000001
2/14/2015,Quarter2,sweing,Saturday,5,0.75,30.1,664.0,7140,56,0.0,0,0,59.0,0.7503921570000001
2/14/2015,Quarter2,sweing,Saturday,8,0.7,30.1,824.0,5160,0,0.0,0,1,60.0,0.700206125
2/14/2015,Quarter2,sweing,Saturday,7,0.7,30.1,957.0,7200,0,0.0,0,1,60.0,0.602
2/14/2015,Quarter2,sweing,Saturday,6,0.8,18.79,822.0,4080,0,0.0,0,0,34.0,0.557252451
2/14/2015,Quarter2,finishing,Saturday,9,0.8,3.94,,960,0,0.0,0,0,8.0,0.23804166699999998
2/15/2015,Quarter3,finishing,Sunday,1,0.8,3.94,,960,0,0.0,0,0,8.0,1.1204375
2/15/2015,Quarter3,sweing,Sunday,12,0.8,15.26,1120.0,1440,50,0.0,0,0,34.0,0.8008063059999999
2/15/2015,Quarter3,finishing,Sunday,11,0.6,2.9,,1200,0,0.0,0,0,10.0,0.715333333
2/15/2015,Quarter3,sweing,Sunday,7,0.7,30.1,881.0,7080,0,0.0,0,1,59.0,0.700632768
2/15/2015,Quarter3,finishing,Sunday,6,0.8,2.9,,960,0,0.0,0,0,8.0,0.604166667
2/15/2015,Quarter3,sweing,Sunday,3,0.6,30.1,1361.0,6960,30,0.0,0,1,58.0,0.475718391
2/15/2015,Quarter3,finishing,Sunday,4,0.75,4.15,,2400,0,0.0,0,0,20.0,0.287041667
2/16/2015,Quarter3,finishing,Monday,9,0.8,3.94,,1200,0,0.0,0,0,10.0,0.960433333
2/16/2015,Quarter3,sweing,Monday,12,0.8,15.26,1079.0,3720,38,0.0,0,0,34.0,0.800312375
2/16/2015,Quarter3,finishing,Monday,6,0.8,2.9,,960,0,0.0,0,0,8.0,0.773333333
2/16/2015,Quarter3,sweing,Monday,6,0.75,18.79,895.0,3960,0,0.0,0,0,33.0,0.75065101
2/16/2015,Quarter3,finishing,Monday,4,0.75,4.15,,1800,0,0.0,0,0,15.0,0.722333333
2/16/2015,Quarter3,sweing,Monday,11,0.7,11.41,680.0,2160,30,0.0,0,2,54.0,0.5659722220000001
2/16/2015,Quarter3,sweing,Monday,9,0.6,18.79,2103.0,5400,0,0.0,0,1,54.0,0.329964879
2/17/2015,Quarter3,finishing,Tuesday,10,0.8,3.94,,960,0,0.0,0,0,8.0,0.9275416670000001
2/17/2015,Quarter3,finishing,Tuesday,3,0.5,5.13,,1800,0,0.0,0,0,15.0,0.7866
2/17/2015,Quarter3,sweing,Tuesday,6,0.75,18.79,726.0,3360,0,0.0,0,0,33.0,0.7506213540000001
2/17/2015,Quarter3,sweing,Tuesday,4,0.75,30.1,849.0,7020,45,0.0,0,1,58.0,0.750356125
2/17/2015,Quarter3,finishing,Tuesday,6,0.8,2.9,,960,0,0.0,0,0,8.0,0.749166667
2/17/2015,Quarter3,sweing,Tuesday,7,0.7,30.1,562.0,840,30,0.0,0,1,59.0,0.700888203
2/17/2015,Quarter3,sweing,Tuesday,9,0.65,18.79,2120.0,5520,0,0.0,0,1,51.0,0.650134
2/17/2015,Quarter3,sweing,Tuesday,8,0.6,29.4,179.0,0,23,5.0,30,2,58.0,0.600982906
2/17/2015,Quarter3,finishing,Tuesday,9,0.8,3.94,,960,0,0.0,0,0,8.0,0.586041667
2/17/2015,Quarter3,sweing,Tuesday,2,0.5,30.33,838.0,6720,0,0.0,0,1,56.0,0.361071429
2/17/2015,Quarter3,sweing,Tuesday,10,0.65,18.22,741.0,0,0,8.0,35,1,49.0,0.302117347
2/18/2015,Quarter3,finishing,Wednesday,6,0.8,2.9,,1440,0,0.0,0,0,12.0,0.9368611109999999
2/18/2015,Quarter3,finishing,Wednesday,2,0.8,5.13,,1440,0,0.0,0,0,12.0,0.919125
2/18/2015,Quarter3,sweing,Wednesday,11,0.7,11.41,685.0,3360,30,0.0,0,2,56.0,0.8211125
2/18/2015,Quarter3,sweing,Wednesday,4,0.8,30.1,864.0,480,50,0.0,0,1,58.0,0.800980392
2/18/2015,Quarter3,sweing,Wednesday,12,0.8,15.26,1095.0,4080,63,0.0,0,0,34.0,0.8004019609999999
2/18/2015,Quarter3,sweing,Wednesday,6,0.75,18.79,759.0,3960,34,0.0,0,0,33.0,0.75065101
2/18/2015,Quarter3,finishing,Wednesday,4,0.75,5.13,,960,0,0.0,0,0,8.0,0.734645833
2/18/2015,Quarter3,sweing,Wednesday,3,0.7,30.1,1057.0,0,40,0.0,0,1,58.0,0.700603448
2/18/2015,Quarter3,sweing,Wednesday,9,0.7,18.79,1587.0,4560,30,0.0,0,1,51.0,0.70009573
2/18/2015,Quarter3,finishing,Wednesday,7,0.7,5.13,,960,0,0.0,0,0,8.0,0.671875
2/18/2015,Quarter3,finishing,Wednesday,10,0.8,3.94,,960,0,0.0,0,0,8.0,0.64025
2/18/2015,Quarter3,finishing,Wednesday,8,0.7,5.13,,960,0,0.0,0,0,8.0,0.58
2/19/2015,Quarter3,sweing,Thursday,12,0.8,15.26,1126.0,1080,38,0.0,0,0,34.0,0.8007114940000001
2/19/2015,Quarter3,sweing,Thursday,1,0.8,22.52,265.0,3840,63,0.0,0,0,57.0,0.8004705129999999
2/19/2015,Quarter3,sweing,Thursday,5,0.8,30.1,276.0,600,63,3.5,15,0,59.5,0.7999828529999999
2/19/2015,Quarter3,finishing,Thursday,6,0.8,2.9,,4320,0,0.0,0,0,18.0,0.785864198
2/19/2015,Quarter3,sweing,Thursday,6,0.75,18.79,899.0,3960,56,0.0,0,0,33.0,0.75065101
2/19/2015,Quarter3,sweing,Thursday,9,0.7,18.79,1603.0,6120,30,0.0,0,1,51.0,0.638614379
2/19/2015,Quarter3,sweing,Thursday,10,0.7,19.68,1410.0,5760,0,0.0,0,1,48.0,0.24941666699999998
2/22/2015,Quarter4,finishing,Sunday,6,0.8,2.9,,960,0,0.0,0,0,8.0,0.8319375
2/22/2015,Quarter4,finishing,Sunday,2,0.8,5.13,,4800,0,0.0,0,0,20.0,0.8300625
2/22/2015,Quarter4,finishing,Sunday,11,0.6,2.9,,2880,0,0.0,0,0,12.0,0.805555556
2/22/2015,Quarter4,sweing,Sunday,12,0.8,15.26,1103.0,4080,63,0.0,0,0,34.0,0.8004019609999999
2/22/2015,Quarter4,finishing,Sunday,12,0.8,5.13,,2400,0,0.0,0,0,10.0,0.78375
2/22/2015,Quarter4,finishing,Sunday,1,0.8,3.94,,2880,0,0.0,0,0,12.0,0.727349537
2/22/2015,Quarter4,sweing,Sunday,8,0.7,29.4,1146.0,6840,40,0.0,0,2,57.0,0.700614035
2/22/2015,Quarter4,sweing,Sunday,11,0.75,11.41,834.0,3480,0,0.0,0,2,58.0,0.672140805
2/22/2015,Quarter4,sweing,Sunday,10,0.7,21.25,1531.0,6000,0,0.0,0,1,50.0,0.456875
2/22/2015,Quarter4,sweing,Sunday,7,0.75,30.1,627.0,6960,0,3.5,20,1,58.0,0.39354885100000003
2/22/2015,Quarter4,sweing,Sunday,5,0.8,30.1,450.0,5700,0,4.5,25,0,60.0,0.307501459
2/22/2015,Quarter4,finishing,Sunday,7,0.7,5.13,,960,0,0.0,0,0,8.0,0.283958333
2/23/2015,Quarter4,finishing,Monday,12,0.8,5.13,,1080,0,0.0,0,0,9.0,0.9025
2/23/2015,Quarter4,sweing,Monday,12,0.8,15.26,1060.0,4080,63,0.0,0,0,34.0,0.8004019609999999
2/23/2015,Quarter4,sweing,Monday,5,0.8,30.1,541.0,7140,38,0.0,0,0,59.0,0.800137255
2/23/2015,Quarter4,sweing,Monday,7,0.75,30.1,709.0,6960,45,0.0,0,1,58.0,0.750770115
2/23/2015,Quarter4,sweing,Monday,6,0.75,18.79,1100.0,3960,45,0.0,0,0,33.0,0.75065101
2/23/2015,Quarter4,sweing,Monday,11,0.75,11.41,826.0,2820,0,0.0,0,2,58.0,0.7502939390000001
2/23/2015,Quarter4,finishing,Monday,7,0.7,5.13,,960,0,0.0,0,0,8.0,0.35645833299999996
2/24/2015,Quarter4,sweing,Tuesday,12,0.8,15.26,1062.0,4080,50,0.0,0,0,34.0,0.8004019609999999
2/24/2015,Quarter4,sweing,Tuesday,5,0.8,30.1,450.0,7140,50,0.0,0,0,60.0,0.800137255
2/24/2015,Quarter4,finishing,Tuesday,8,0.7,4.6,,960,0,0.0,0,0,8.0,0.791458333
2/24/2015,Quarter4,sweing,Tuesday,7,0.75,30.1,739.0,5640,45,0.0,0,1,59.0,0.7507273259999999
2/24/2015,Quarter4,sweing,Tuesday,6,0.75,18.79,913.0,3360,45,0.0,0,0,33.0,0.75065101
2/24/2015,Quarter4,sweing,Tuesday,11,0.75,11.61,698.0,3360,34,0.0,0,2,57.0,0.7504372690000001
2/24/2015,Quarter4,finishing,Tuesday,6,0.75,2.9,,1800,0,0.0,0,0,15.0,0.726933333
2/24/2015,Quarter4,finishing,Tuesday,9,0.7,2.9,,1800,0,0.0,0,0,15.0,0.726933333
2/24/2015,Quarter4,sweing,Tuesday,10,0.7,21.25,1834.0,6360,0,0.0,0,1,53.0,0.471108491
2/25/2015,Quarter4,finishing,Wednesday,12,0.8,4.6,,1800,0,0.0,0,0,15.0,0.8995555559999999
2/25/2015,Quarter4,sweing,Wednesday,12,0.8,15.26,1053.0,4080,50,0.0,0,0,34.0,0.8004019609999999
2/25/2015,Quarter4,sweing,Wednesday,6,0.75,18.79,1003.0,3960,45,0.0,0,1,33.0,0.75065101
2/25/2015,Quarter4,sweing,Wednesday,11,0.75,11.61,635.0,3360,45,0.0,0,0,57.0,0.750503571
2/25/2015,Quarter4,sweing,Wednesday,8,0.7,29.4,847.0,6960,30,0.0,0,1,58.0,0.7003620690000001
2/25/2015,Quarter4,sweing,Wednesday,5,0.8,30.1,15.0,1200,49,0.0,0,1,59.0,0.598792339
2/25/2015,Quarter4,sweing,Wednesday,1,0.65,22.53,762.0,5040,0,0.0,0,1,42.0,0.581130952
2/25/2015,Quarter4,finishing,Wednesday,2,0.7,3.9,,960,0,0.0,0,0,8.0,0.440375
2/25/2015,Quarter4,finishing,Wednesday,9,0.7,2.9,,960,0,0.0,0,0,8.0,0.41083333299999997
2/26/2015,Quarter4,finishing,Thursday,3,0.8,4.6,,6300,0,0.0,0,0,15.0,0.921703704
2/26/2015,Quarter4,sweing,Thursday,11,0.8,11.61,816.0,2820,50,0.0,0,2,57.0,0.800516667
2/26/2015,Quarter4,finishing,Thursday,1,0.5,3.94,,3360,0,0.0,0,0,8.0,0.768847222
2/26/2015,Quarter4,sweing,Thursday,3,0.75,29.4,1244.0,6840,45,0.0,0,2,57.0,0.750473684
2/26/2015,Quarter4,sweing,Thursday,9,0.75,18.79,1020.0,5640,45,0.0,0,1,52.0,0.750371895
2/26/2015,Quarter4,sweing,Thursday,2,0.7,30.33,398.0,6960,0,0.0,0,1,58.0,0.66237931
2/26/2015,Quarter4,finishing,Thursday,12,0.8,4.6,,3780,0,0.0,0,0,9.0,0.590617284
2/26/2015,Quarter4,sweing,Thursday,5,0.35,27.48,413.0,6840,38,0.0,0,1,57.0,0.44996491200000005
2/26/2015,Quarter4,finishing,Thursday,9,0.75,2.9,,960,0,0.0,0,0,8.0,0.4078125
2/26/2015,Quarter4,sweing,Thursday,1,0.35,26.66,1164.0,6600,23,0.0,0,2,55.0,0.378895152
2/28/2015,Quarter4,finishing,Saturday,3,0.8,4.6,,6300,0,0.0,0,0,15.0,0.921703704
2/28/2015,Quarter4,sweing,Saturday,11,0.8,11.61,954.0,0,50,0.0,0,2,58.0,0.800779018
2/28/2015,Quarter4,finishing,Saturday,1,0.5,3.94,,3360,0,0.0,0,0,8.0,0.768847222
2/28/2015,Quarter4,sweing,Saturday,9,0.75,18.79,841.0,6240,45,0.0,0,1,52.0,0.750395513
2/28/2015,Quarter4,finishing,Saturday,12,0.8,4.6,,3780,0,0.0,0,0,9.0,0.590617284
2/28/2015,Quarter4,sweing,Saturday,4,0.5,26.66,556.0,6960,23,0.0,0,2,58.0,0.500258046
2/28/2015,Quarter4,finishing,Saturday,10,0.7,2.9,,3360,0,0.0,0,0,8.0,0.41083333299999997
2/28/2015,Quarter4,finishing,Saturday,9,0.75,2.9,,960,0,0.0,0,0,8.0,0.4078125
3/1/2015,Quarter1,finishing,Sunday,8,0.75,4.6,,3360,0,0.0,0,0,8.0,0.8136111109999999
3/1/2015,Quarter1,sweing,Sunday,8,0.75,29.4,622.0,6240,56,0.0,0,0,57.0,0.75075
3/1/2015,Quarter1,sweing,Sunday,1,0.6,26.66,1578.0,6840,38,0.0,0,0,57.0,0.700019883
3/1/2015,Quarter1,sweing,Sunday,11,0.8,11.61,347.0,0,50,4.0,20,0,57.0,0.6824330359999999
3/1/2015,Quarter1,finishing,Sunday,10,0.7,2.9,,3360,0,0.0,0,0,8.0,0.6645833329999999
3/1/2015,Quarter1,sweing,Sunday,4,0.6,26.66,692.0,6840,23,0.0,0,0,57.0,0.6002397660000001
3/1/2015,Quarter1,sweing,Sunday,7,0.8,30.1,934.0,6960,0,3.5,15,0,58.0,0.579511494
3/1/2015,Quarter1,finishing,Sunday,1,0.6,3.94,,3360,0,0.0,0,0,8.0,0.448722222
3/2/2015,Quarter1,finishing,Monday,2,0.7,3.9,,1200,0,0.0,0,0,10.0,0.92885
3/2/2015,Quarter1,finishing,Monday,3,0.8,4.6,,10080,0,0.0,0,0,24.0,0.86037037
3/2/2015,Quarter1,finishing,Monday,4,0.65,3.94,,960,0,0.0,0,0,8.0,0.8068791670000001
3/2/2015,Quarter1,sweing,Monday,12,0.8,15.26,1035.0,4080,63,0.0,0,0,34.0,0.8004019609999999
3/2/2015,Quarter1,sweing,Monday,11,0.8,11.61,632.0,0,50,0.0,0,0,57.0,0.800309211
3/2/2015,Quarter1,sweing,Monday,7,0.8,30.1,616.0,7080,0,0.0,0,0,59.0,0.8001158190000001
3/2/2015,Quarter1,finishing,Monday,8,0.75,4.6,,3360,0,0.0,0,0,8.0,0.773333333
3/2/2015,Quarter1,sweing,Monday,6,0.75,18.79,947.0,2880,34,0.0,0,0,33.0,0.750797009
3/2/2015,Quarter1,sweing,Monday,4,0.65,26.66,832.0,6780,55,0.0,0,0,57.0,0.750254867
3/2/2015,Quarter1,finishing,Monday,12,0.8,4.6,,3780,0,0.0,0,0,9.0,0.607654321
3/2/2015,Quarter1,finishing,Monday,7,0.8,4.6,,3360,0,0.0,0,0,8.0,0.342361111
3/3/2015,Quarter1,finishing,Tuesday,3,0.8,4.6,,6300,0,0.0,0,0,15.0,0.902962963
3/3/2015,Quarter1,sweing,Tuesday,1,0.7,26.66,1562.0,6960,60,0.0,0,0,58.0,0.8005660920000001
3/3/2015,Quarter1,sweing,Tuesday,12,0.8,15.26,983.0,4080,50,0.0,0,0,34.0,0.8004019609999999
3/3/2015,Quarter1,sweing,Tuesday,3,0.8,29.4,1156.0,6840,50,0.0,0,0,57.0,0.800333333
3/3/2015,Quarter1,sweing,Tuesday,4,0.7,26.66,950.0,6960,50,0.0,0,0,58.0,0.750770115
3/3/2015,Quarter1,sweing,Tuesday,9,0.75,18.79,1096.0,6240,34,0.0,0,0,52.0,0.750395513
3/3/2015,Quarter1,sweing,Tuesday,5,0.7,27.48,573.0,6840,30,0.0,0,0,57.0,0.7006596490000001
3/3/2015,Quarter1,finishing,Tuesday,2,0.4,3.9,,6300,0,0.0,0,0,15.0,0.567377778
3/3/2015,Quarter1,finishing,Tuesday,1,0.7,3.94,,3360,0,0.0,0,0,8.0,0.555430556
3/3/2015,Quarter1,finishing,Tuesday,4,0.7,3.94,,3360,0,0.0,0,0,8.0,0.555430556
3/3/2015,Quarter1,finishing,Tuesday,5,0.7,4.6,,3360,0,0.0,0,0,8.0,0.35444444399999997
3/3/2015,Quarter1,finishing,Tuesday,6,0.75,2.9,,3360,0,0.0,0,0,8.0,0.309333333
3/3/2015,Quarter1,sweing,Tuesday,2,0.4,15.28,157.0,5400,0,6.5,30,1,45.0,0.30277037
3/4/2015,Quarter1,finishing,Wednesday,12,0.8,4.6,,1080,0,0.0,0,0,9.0,0.885925926
3/4/2015,Quarter1,finishing,Wednesday,9,0.75,2.9,,960,0,0.0,0,0,8.0,0.83375
3/4/2015,Quarter1,sweing,Wednesday,11,0.8,11.41,433.0,0,38,0.0,0,0,56.0,0.8007017540000001
3/4/2015,Quarter1,sweing,Wednesday,4,0.7,26.82,1028.0,6960,60,0.0,0,0,58.0,0.799975862
3/4/2015,Quarter1,sweing,Wednesday,1,0.7,26.82,1772.0,6960,50,0.0,0,0,58.0,0.750651724
3/4/2015,Quarter1,sweing,Wednesday,9,0.75,18.79,1206.0,6240,34,0.0,0,0,52.0,0.750395513
3/4/2015,Quarter1,sweing,Wednesday,5,0.7,27.48,586.0,6960,40,0.0,0,0,58.0,0.7004241379999999
3/4/2015,Quarter1,sweing,Wednesday,2,0.5,15.28,261.0,5520,0,0.0,0,1,46.0,0.40414492799999996
3/5/2015,Quarter1,finishing,Thursday,12,0.8,4.6,,1080,0,0.0,0,0,9.0,0.868888889
3/5/2015,Quarter1,finishing,Thursday,3,0.8,4.6,,1800,0,0.0,0,0,15.0,0.810111111
3/5/2015,Quarter1,sweing,Thursday,11,0.8,11.41,455.0,3420,50,0.0,0,0,56.0,0.8007017540000001
3/5/2015,Quarter1,sweing,Thursday,2,0.6,15.28,529.0,1320,0,0.0,0,1,46.0,0.600099145
3/5/2015,Quarter1,finishing,Thursday,9,0.75,2.9,,960,0,0.0,0,0,8.0,0.453125
3/5/2015,Quarter1,sweing,Thursday,6,0.35,22.53,1450.0,2640,0,0.0,0,1,39.0,0.26369382
3/7/2015,Quarter1,finishing,Saturday,12,0.8,4.6,,1080,0,0.0,0,0,9.0,0.868888889
3/7/2015,Quarter1,sweing,Saturday,1,0.7,26.82,1267.0,8160,70,0.0,0,0,58.0,0.850045
3/7/2015,Quarter1,finishing,Saturday,7,0.8,4.6,,6000,0,0.0,0,0,25.0,0.825444444
3/7/2015,Quarter1,finishing,Saturday,5,0.35,3.94,,2400,0,0.0,0,0,10.0,0.80575
3/7/2015,Quarter1,sweing,Saturday,4,0.7,26.82,1195.0,6960,60,0.0,0,0,58.0,0.800746552
3/7/2015,Quarter1,sweing,Saturday,9,0.75,18.79,1226.0,3480,45,0.0,0,0,51.0,0.749987124
3/7/2015,Quarter1,finishing,Saturday,1,0.7,3.94,,960,0,0.0,0,0,8.0,0.664875
3/7/2015,Quarter1,finishing,Saturday,11,0.8,2.9,,960,0,0.0,0,0,8.0,0.657083333
3/7/2015,Quarter1,sweing,Saturday,2,0.65,16.1,626.0,4200,0,0.0,0,1,45.0,0.65024031
3/7/2015,Quarter1,finishing,Saturday,2,0.65,3.9,,1920,0,0.0,0,0,8.0,0.528125
3/8/2015,Quarter2,finishing,Sunday,3,0.8,4.6,,1440,0,0.0,0,0,12.0,0.9519444440000001
3/8/2015,Quarter2,finishing,Sunday,9,0.75,2.9,,1080,0,0.0,0,0,9.0,0.9290740740000001
3/8/2015,Quarter2,finishing,Sunday,1,0.75,3.94,,960,0,0.0,0,0,8.0,0.890604167
3/8/2015,Quarter2,finishing,Sunday,4,0.75,3.94,,960,0,0.0,0,0,8.0,0.890604167
3/8/2015,Quarter2,finishing,Sunday,5,0.5,3.94,,960,0,0.0,0,0,8.0,0.857916667
3/8/2015,Quarter2,sweing,Sunday,4,0.75,26.82,1082.0,6840,65,0.0,0,0,57.0,0.850084211
3/8/2015,Quarter2,sweing,Sunday,1,0.75,26.82,1254.0,6960,65,0.0,0,0,58.0,0.85007069
3/8/2015,Quarter2,sweing,Sunday,3,0.8,30.1,1278.0,3360,50,0.0,0,1,57.0,0.8005110679999999
3/8/2015,Quarter2,sweing,Sunday,11,0.8,11.41,313.0,3420,50,0.0,0,0,58.0,0.800034503
3/8/2015,Quarter2,finishing,Sunday,11,0.8,2.9,,960,0,0.0,0,0,8.0,0.755208333
3/8/2015,Quarter2,sweing,Sunday,10,0.7,21.82,1335.0,6000,30,0.0,0,0,50.0,0.700422
3/8/2015,Quarter2,sweing,Sunday,2,0.7,16.1,928.0,4800,30,0.0,0,1,45.0,0.700106061
3/8/2015,Quarter2,sweing,Sunday,8,0.6,30.48,869.0,6720,0,0.0,0,1,56.0,0.600528571
3/8/2015,Quarter2,finishing,Sunday,8,0.6,3.9,,960,0,0.0,0,0,8.0,0.4509375
3/8/2015,Quarter2,finishing,Sunday,10,0.7,2.9,,960,0,0.0,0,0,8.0,0.441041667
3/8/2015,Quarter2,finishing,Sunday,6,0.6,2.9,,960,0,0.0,0,0,8.0,0.271875
3/9/2015,Quarter2,finishing,Monday,11,0.8,2.9,,0,960,0.0,0,0,8.0,0.960625
3/9/2015,Quarter2,sweing,Monday,1,0.75,26.82,1322.0,7140,65,0.0,0,0,59.0,0.8504268909999999
3/9/2015,Quarter2,sweing,Monday,3,0.8,30.1,964.0,5160,50,0.0,0,1,58.0,0.800842424
3/9/2015,Quarter2,finishing,Monday,4,0.75,3.94,,0,960,0.0,0,0,8.0,0.7953875
3/9/2015,Quarter2,sweing,Monday,9,0.75,18.79,1193.0,6240,45,0.0,0,0,52.0,0.750395513
3/9/2015,Quarter2,sweing,Monday,2,0.7,16.1,817.0,5520,30,0.0,0,1,45.0,0.700516224
3/9/2015,Quarter2,sweing,Monday,10,0.7,21.82,1576.0,6000,30,0.0,0,0,50.0,0.700422
3/9/2015,Quarter2,finishing,Monday,2,0.7,3.9,,0,1200,0.0,0,0,10.0,0.6825
3/9/2015,Quarter2,sweing,Monday,8,0.65,30.48,953.0,6720,26,0.0,0,1,56.0,0.650421429
3/9/2015,Quarter2,sweing,Monday,5,0.6,26.82,919.0,7080,23,0.0,0,1,59.0,0.6000406779999999
3/9/2015,Quarter2,sweing,Monday,7,0.5,30.48,1161.0,6600,0,0.0,0,1,55.0,0.5006109089999999
3/10/2015,Quarter2,finishing,Tuesday,12,0.8,4.6,,1080,0,0.0,0,0,9.0,0.92
3/10/2015,Quarter2,finishing,Tuesday,4,0.75,3.94,,960,0,0.0,0,0,8.0,0.881575
3/10/2015,Quarter2,finishing,Tuesday,1,0.75,3.94,,960,0,0.0,0,0,8.0,0.880754167
3/10/2015,Quarter2,sweing,Tuesday,4,0.75,26.82,1104.0,5880,65,0.0,0,0,59.0,0.850084211
3/10/2015,Quarter2,finishing,Tuesday,9,0.75,2.9,,1800,0,0.0,0,0,15.0,0.821666667
3/10/2015,Quarter2,sweing,Tuesday,3,0.8,30.1,756.0,6960,63,0.0,0,1,58.0,0.800071839
3/10/2015,Quarter2,sweing,Tuesday,11,0.8,11.41,338.0,3420,50,0.0,0,0,58.0,0.800034503
3/10/2015,Quarter2,sweing,Tuesday,9,0.75,18.79,1247.0,6240,45,0.0,0,0,52.0,0.750395513
3/10/2015,Quarter2,finishing,Tuesday,2,0.7,3.9,,960,0,0.0,0,0,8.0,0.741
3/10/2015,Quarter2,sweing,Tuesday,8,0.7,30.48,923.0,6840,30,0.0,0,1,57.0,0.7005052629999999
3/10/2015,Quarter2,sweing,Tuesday,6,0.7,23.41,1180.0,4560,30,0.0,0,1,38.0,0.7002464909999999
3/10/2015,Quarter2,sweing,Tuesday,2,0.7,16.1,957.0,5400,40,0.0,0,1,45.0,0.700051852
3/10/2015,Quarter2,sweing,Tuesday,7,0.6,30.48,1017.0,6840,25,0.0,0,1,57.0,0.630402924
3/11/2015,Quarter2,finishing,Wednesday,2,0.75,3.9,,1920,0,0.0,0,0,8.0,0.8192708329999999
3/11/2015,Quarter2,finishing,Wednesday,4,0.75,3.94,,1920,0,0.0,0,0,8.0,0.8133090279999999
3/11/2015,Quarter2,sweing,Wednesday,12,0.8,15.26,470.0,4080,63,0.0,0,0,34.0,0.8004019609999999
3/11/2015,Quarter2,sweing,Wednesday,11,0.8,11.41,560.0,3420,50,0.0,0,0,58.0,0.800034503
3/11/2015,Quarter2,finishing,Wednesday,3,0.8,4.6,,1920,0,0.0,0,0,8.0,0.786631944
3/11/2015,Quarter2,sweing,Wednesday,10,0.75,21.82,1674.0,6000,34,0.0,0,0,50.0,0.7506079999999999
3/11/2015,Quarter2,sweing,Wednesday,2,0.75,16.1,971.0,5400,45,0.0,0,1,45.0,0.7501407409999999
3/11/2015,Quarter2,sweing,Wednesday,1,0.75,26.82,1322.0,7080,45,0.0,0,0,59.0,0.750050847
3/11/2015,Quarter2,sweing,Wednesday,7,0.65,30.48,935.0,6840,26,0.0,0,1,57.0,0.650596491
3/11/2015,Quarter2,finishing,Wednesday,10,0.75,2.9,,960,0,0.0,0,0,8.0,0.6283333329999999
3/11/2015,Quarter2,finishing,Wednesday,7,0.65,3.9,,960,0,0.0,0,0,8.0,0.625625
3/11/2015,Quarter2,finishing,Wednesday,9,0.75,2.9,,1800,0,0.0,0,0,15.0,0.505888889
3/11/2015,Quarter2,finishing,Wednesday,6,0.7,2.9,,720,0,0.0,0,0,6.0,0.394722222
